adresse1,adresse2,adresse3,civilite,code_postal,contact_id,created_at,current_sign_in_at,current_sign_in_ip,email,encrypted_password,fax,fonction,genre_adresse,genre_lettre,id,last_sign_in_at,last_sign_in_ip,nom,parametres_cabinet_id,password_salt,pays,prenom,remember_created_at,remember_token,reset_password_token,sign_in_count,signature_lettres,site_web,telephone,titre_lettres,type_intervenant_id,updated_at,ville
"","","",1,"",,2011-08-30 04:57:17 UTC,2012-03-18 09:22:19 UTC,82.233.26.246,dl.consultant@free.fr,$2a$10$KlhB9udVtkFljCMNN5mN2.gOt2l7/HLl8VPzJ8SLkRysR2eDys3ci,"","","","",11,2012-03-18 09:13:13 UTC,82.233.26.246,Legendre,2,$2a$10$KlhB9udVtkFljCMNN5mN2.,"",Dominique,2012-03-18 09:22:19 UTC,-V87VYd7hl0BT99Mmtyl,,8,"","","","",,2012-03-18 09:22:19 UTC,""
,,,,,,2012-02-26 10:23:28 UTC,2012-02-26 10:24:38 UTC,82.233.26.246,clayre.frogetlegendre@gmail.com,$2a$10$cMCjrXWWsJLrPoiCQvPpgO67NUVruNQaB9mQe.kQBh1zYblrjp7qO,,,,,17,2012-02-26 10:24:38 UTC,82.233.26.246,FROGET-LEGENDRE,2,$2a$10$cMCjrXWWsJLrPoiCQvPpgO,,Clayre,,,,1,,,,,,2012-02-26 10:54:51 UTC,
2 RUE DE L'EXPERT,"",5 RUE DU JUBILE,1,92160,,2011-06-01 14:24:01 UTC,2012-05-06 14:12:15 UTC,127.0.0.1,thibault.poisson@gmail.com,$2a$10$9u2NBkcXDFxA057RBZdu1.4sfJ9b7pFhF7gcFCXwEtQdZ5K3iPEYe,+33.1.23.34.34.34,Expert,"","",2,2012-04-24 10:12:05 UTC,127.0.0.1,POISSON,2,$2a$10$9u2NBkcXDFxA057RBZdu1.,FRANCE,Thibault,,,,128,"Fait à {{@expert.ville}} le {{@communication.date_communication}}.
<br>
L'expert désigné,  {{@expert.prenom}} {{@expert.nom}}.
<br>
{{@expert.titre_lettres}}
","",+33.1.12.12.12.12,Expert près la cour d'appel de Toulouse,4,2012-05-06 14:12:15 UTC,Antony
